source,seller,property_type,location_text,province,price_php,lot_area_sqm,floor_area_sqm,tct,sale_type,auction_date,maps_url,image_url,source_url,posted_date,branch
foreclosurephilippines,Pag-IBIG,,"Oton, Iloilo",Iloilo,408690.0,36.0,22.0,090-2020004231,,,https://www.google.com/maps/search/?api=1&query=Oton%2C+Iloilo%2C+Philippines,https://www.foreclosurephilippines.com/wp-content/uploads/2026/07/fil5920250915014-310x190.jpg,https://www.foreclosurephilippines.com/advert/pag-ibig-ropa-858202508190022-lot-03-blk-18-phase-i-lumina-iloilo-abilay-norte-oton-iloilo-5020-2nd-public-auction-on-jul-27-2026-jul-31-2026/,2026/07/20,BACOLOD BRANCH
metrobank,Metrobank,Residential With Improvement,"Pavia, Iloilo",Iloilo,792000.0,45.0,40.0,090-2022010962,,,https://www.google.com/maps/search/?api=1&query=Pavia%2C+Iloilo%2C+Philippines,https://metrobank-ropa-prod.s3.ap-southeast-1.amazonaws.com/60809,https://www.metrobank.com.ph/assets-for-sale/properties/details?id=10828000004085,,
foreclosurephilippines,Pag-IBIG,,"Santa Barbara, Iloilo",Iloilo,1156778.0,35.0,38.5,090-2022023202,,,https://www.google.com/maps/search/?api=1&query=Santa+Barbara%2C+Iloilo%2C+Philippines,https://www.foreclosurephilippines.com/wp-content/uploads/2026/07/fil5920250609023-310x190.jpg,https://www.foreclosurephilippines.com/advert/pag-ibig-ropa-id-858202504290005-foreclosed-town-house-lot-77-blk-22-deca-homes-sta-barbara-residences-socialized-phase-2-balabag-santa-barbara-iloilo-5002-from-tranche-opa5910011-1st-auc/,2026/07/19,BACOLOD BRANCH
foreclosurephilippines,Pag-IBIG,,"Santa Barbara, Iloilo",Iloilo,1167700.0,35.0,38.5,902022023370,,,https://www.google.com/maps/search/?api=1&query=Santa+Barbara%2C+Iloilo%2C+Philippines,https://www.foreclosurephilippines.com/wp-content/uploads/2026/07/fil5920250610036-310x190.jpg,https://www.foreclosurephilippines.com/advert/pag-ibig-ropa-id-858202412130010-foreclosed-town-house-lot-61-blk-24-phase-2-deca-homes-sta-barbara-residences-socialized-phase-2-balabag-santa-barbara-iloilo-5002-from-tranche-opa5910011/,2026/07/19,BACOLOD BRANCH
foreclosurephilippines,Pag-IBIG,,"Santa Barbara, Iloilo",Iloilo,1207500.0,35.0,38.5,902022023669,,,https://www.google.com/maps/search/?api=1&query=Santa+Barbara%2C+Iloilo%2C+Philippines,https://www.foreclosurephilippines.com/wp-content/uploads/2026/07/fil5920250819004-310x190.jpg,https://www.foreclosurephilippines.com/advert/pag-ibig-foreclosed-town-house-lot-84-blk-27-deca-homes-sta-barbara-residences-economic-balabag-santa-barbara-iloilo-5002-negotiated-sale-on-mar-30-2026-apr-10-2026-occupied/,2026/07/19,BACOLOD BRANCH
foreclosurephilippines,Pag-IBIG,,"Santa Barbara, Iloilo",Iloilo,1224500.0,35.0,38.5,090-2022023553,,,https://www.google.com/maps/search/?api=1&query=Santa+Barbara%2C+Iloilo%2C+Philippines,https://www.foreclosurephilippines.com/wp-content/uploads/2026/07/fil5920250609008-310x190.jpg,https://www.foreclosurephilippines.com/advert/pag-ibig-ropa-id-858202412120050-foreclosed-town-house-lot-60-blk-26-deca-homes-sta-barbara-residences-socialized-phase-2-balabag-santa-barbara-iloilo-5002-from-tranche-opa5910011-1st-auc/,2026/07/19,BACOLOD BRANCH
foreclosurephilippines,Pag-IBIG,,"Pavia, Iloilo",Iloilo,1226340.0,48.0,55.0,090-2020002774,,,https://www.google.com/maps/search/?api=1&query=Pavia%2C+Iloilo%2C+Philippines,https://www.foreclosurephilippines.com/wp-content/uploads/2026/07/fil5920251103099-310x190.jpg,https://www.foreclosurephilippines.com/advert/pag-ibig-ropa-858202412280037-lot-13-blk-17-phase-ii-deca-homes-pavia-pandac-pavia-iloilo-5001-2nd-public-auction-on-jul-27-2026-jul-31-2026/,2026/07/20,BACOLOD BRANCH
foreclosurephilippines,Pag-IBIG,,"Santa Barbara, Iloilo",Iloilo,1304700.0,35.0,38.5,090-2022022898,,,https://www.google.com/maps/search/?api=1&query=Santa+Barbara%2C+Iloilo%2C+Philippines,https://www.foreclosurephilippines.com/wp-content/uploads/2026/07/fil5920250911021-310x190.jpg,https://www.foreclosurephilippines.com/advert/pag-ibig-foreclosed-town-house-lot-43-blk-19-deca-homes-sta-barbara-residences-socialized-phase-2-balabag-santa-barbara-iloilo-5002-negotiated-sale-on-mar-30-2026-apr-10-2026/,2026/07/19,BACOLOD BRANCH
foreclosurephilippines,Pag-IBIG,,"Santa Barbara, Iloilo",Iloilo,1307200.0,35.0,38.5,090-2022023195,,,https://www.google.com/maps/search/?api=1&query=Santa+Barbara%2C+Iloilo%2C+Philippines,https://www.foreclosurephilippines.com/wp-content/uploads/2026/07/fil5920250912035-310x190.jpg,https://www.foreclosurephilippines.com/advert/pag-ibig-foreclosed-town-house-lot-70-blk-22-deca-homes-sta-barbara-residences-socialized-phase-2-balabag-santa-barbara-iloilo-5002-negotiated-sale-on-mar-30-2026-apr-10-2026/,2026/07/19,BACOLOD BRANCH
foreclosurephilippines,Pag-IBIG,,"Santa Barbara, Iloilo",Iloilo,1308200.0,35.0,38.5,090-2022024008,,,https://www.google.com/maps/search/?api=1&query=Santa+Barbara%2C+Iloilo%2C+Philippines,https://www.foreclosurephilippines.com/wp-content/uploads/2026/07/fil5920260708052-310x190.jpg,https://www.foreclosurephilippines.com/advert/pag-ibig-ropa-858202606250018-lot-69-blk-31-deca-homes-sta-barbara-residences-socialized-phase-2-balabag-santa-barbara-iloilo-5002-1st-public-auction-on-jul-27-2026-jul-31-2026/,2026/07/19,BACOLOD BRANCH
foreclosurephilippines,Pag-IBIG,,"Santa Barbara, Iloilo",Iloilo,1310700.0,35.0,38.5,090-2022016775,,,https://www.google.com/maps/search/?api=1&query=Santa+Barbara%2C+Iloilo%2C+Philippines,https://www.foreclosurephilippines.com/wp-content/uploads/2026/07/fil5920260708029-310x190.jpg,https://www.foreclosurephilippines.com/advert/pag-ibig-ropa-858202606250004-lot-34-blk-18-deca-homes-sta-barbara-residences-socialized-phase-1-balabag-santa-barbara-iloilo-5002-1st-public-auction-on-jul-27-2026-jul-31-2026/,2026/07/19,BACOLOD BRANCH
foreclosurephilippines,Pag-IBIG,,"Pavia, Iloilo",Iloilo,1365900.0,80.0,35.1,090-2016009508,,,https://www.google.com/maps/search/?api=1&query=Pavia%2C+Iloilo%2C+Philippines,https://www.foreclosurephilippines.com/wp-content/uploads/2026/07/fil5920260708024-310x190.jpg,https://www.foreclosurephilippines.com/advert/pag-ibig-ropa-858202606260005-lot-6-blk-43-deca-homes-pavia-resort-residences-jibao-an-pavia-iloilo-5001-1st-public-auction-on-jul-27-2026-jul-31-2026/,2026/07/19,BACOLOD BRANCH
foreclosurephilippines,Pag-IBIG,,"Leganes, Iloilo",Iloilo,1867400.0,52.0,51.0,090-2023011755,,,https://www.google.com/maps/search/?api=1&query=Leganes%2C+Iloilo%2C+Philippines,https://www.foreclosurephilippines.com/wp-content/uploads/2026/07/fil5920250430020-310x190.jpg,https://www.foreclosurephilippines.com/advert/pag-ibig-ropa-id-858202503250024-foreclosed-town-house-lot-32-blk-8-deca-homes-leganes-residences-site-3-guihaman-leganes-iloilo-5003-tranche-opa5910008-1st-auction-on-june-09-2025/,2026/07/19,BACOLOD BRANCH
foreclosurephilippines,Pag-IBIG,,"Leganes, Iloilo",Iloilo,2031700.0,52.0,51.0,090-2024012017,,,https://www.google.com/maps/search/?api=1&query=Leganes%2C+Iloilo%2C+Philippines,https://www.foreclosurephilippines.com/wp-content/uploads/2026/07/fil5920260708019-310x190.jpg,https://www.foreclosurephilippines.com/advert/pag-ibig-ropa-858202606250029-lot-67-blk-29-deca-homes-leganes-residences-site-5-guinobatan-leganes-iloilo-5003-1st-public-auction-on-jul-27-2026-jul-31-2026/,2026/07/19,BACOLOD BRANCH
foreclosurephilippines,Pag-IBIG,,"Roxas City, Capiz",Capiz,296000.0,80.0,,097-2022001880,,,https://www.google.com/maps/search/?api=1&query=Roxas+City%2C+Capiz%2C+Philippines,https://www.foreclosurephilippines.com/wp-content/uploads/2026/07/fil5920240926004-310x190.jpg,https://www.foreclosurephilippines.com/advert/pag-ibig-ropa-805823102500003-lot-3-blk-21-tierra-verde-bolo-roxas-city-capiz-5800-negotiated-sale-on-jul-27-2026-jul-31-2026/,2026/07/19,BACOLOD BRANCH
foreclosurephilippines,Unknown (foreclosurephilippines),,"Sigma, Capiz",Capiz,377000.0,9417.0,,,,,https://www.google.com/maps/search/?api=1&query=Sigma%2C+Capiz%2C+Philippines,https://www.foreclosurephilippines.com/wp-content/uploads/2017/10/maybank-foreclosed-properties-for-sale-featured.jpg,https://www.foreclosurephilippines.com/advert/maybank-foreclosed-property-at-lot-2365-d-sitio-san-isidro-brgy-mianay-sigma-capiz-agricultural-lot-not-in-banks-possession-occupied/,2026/04/11,
foreclosurephilippines,Unknown (foreclosurephilippines),,"Roxas City, Capiz",Capiz,420000.0,140.0,1.0,,,,https://www.google.com/maps/search/?api=1&query=Roxas+City%2C+Capiz%2C+Philippines,https://www.foreclosurephilippines.com/wp-content/uploads/2026/04/0289205_pic001-310x190.jpg,https://www.foreclosurephilippines.com/advert/foreclosed-vacant-lot-for-sale-in-roxas-city-capiz-an-0289205/,2026/07/01,
foreclosurephilippines,Unknown (foreclosurephilippines),,"Roxas City, Capiz",Capiz,450000.0,150.0,1.0,,,,https://www.google.com/maps/search/?api=1&query=Roxas+City%2C+Capiz%2C+Philippines,https://www.foreclosurephilippines.com/wp-content/uploads/2026/04/0289172_pic001-310x190.jpg,https://www.foreclosurephilippines.com/advert/bfs-foreclosed-lot-only-at-blk-4-lot-2-alley-1-paragon-village-dinginan-roxas-city-capiz-occupied/,2026/07/01,
foreclosurephilippines,Unknown (foreclosurephilippines),,"Roxas City, Capiz",Capiz,490000.0,140.0,1.0,,,,https://www.google.com/maps/search/?api=1&query=Roxas+City%2C+Capiz%2C+Philippines,https://www.foreclosurephilippines.com/wp-content/uploads/2026/04/0039835_pic001-310x190.jpg,https://www.foreclosurephilippines.com/advert/foreclosed-vacant-lot-for-sale-in-roxas-city-capiz-an-0039835/,2026/07/01,
foreclosurephilippines,Unknown (foreclosurephilippines),,"Roxas City, Capiz",Capiz,515000.0,147.0,1.0,,,,https://www.google.com/maps/search/?api=1&query=Roxas+City%2C+Capiz%2C+Philippines,https://www.foreclosurephilippines.com/wp-content/uploads/2026/04/0045194_pic001-310x190.jpg,https://www.foreclosurephilippines.com/advert/foreclosed-vacant-lot-for-sale-in-roxas-city-capiz-an-0045194/,2026/07/01,
foreclosurephilippines,Unknown (foreclosurephilippines),,"Roxas City, Capiz",Capiz,525000.0,150.0,1.0,,,,https://www.google.com/maps/search/?api=1&query=Roxas+City%2C+Capiz%2C+Philippines,https://www.foreclosurephilippines.com/wp-content/uploads/2026/04/0065404_pic001-310x190.jpg,https://www.foreclosurephilippines.com/advert/foreclosed-vacant-lot-for-sale-in-roxas-city-capiz-an-0065404/,2026/07/01,
foreclosurephilippines,Unknown (foreclosurephilippines),,"Roxas City, Capiz",Capiz,588000.0,147.0,1.0,,,,https://www.google.com/maps/search/?api=1&query=Roxas+City%2C+Capiz%2C+Philippines,https://www.foreclosurephilippines.com/wp-content/uploads/2026/04/0045187_pic001-310x190.jpg,https://www.foreclosurephilippines.com/advert/foreclosed-vacant-lot-for-sale-in-roxas-city-capiz-an-0045187/,2026/07/01,
foreclosurephilippines,Unknown (foreclosurephilippines),,"Roxas City, Capiz",Capiz,858000.0,286.0,,,,,https://www.google.com/maps/search/?api=1&query=Roxas+City%2C+Capiz%2C+Philippines,https://www.foreclosurephilippines.com/wp-content/uploads/2017/10/maybank-foreclosed-properties-for-sale-featured.jpg,https://www.foreclosurephilippines.com/advert/philmay-foreclosed-property-at-lot-1157-f-5-along-unnamed-road-mabasa-subdivision-barangay-dayao-roxas-city-capiz-residential-lot-with-illegal-occupants-not-in-banks-possession-occupied/,2026/04/11,
foreclosurephilippines,Pag-IBIG,,"Roxas City, Capiz",Capiz,1044000.0,360.0,,097-2012001514,,,https://www.google.com/maps/search/?api=1&query=Roxas+City%2C+Capiz%2C+Philippines,https://www.foreclosurephilippines.com/wp-content/uploads/2026/07/fil5920241025021-310x190.jpg,https://www.foreclosurephilippines.com/advert/pag-ibig-foreclosed-lot-only-lot-934-b-1-j-4-olano-subdivision-banica-roxas-city-capiz-5800-negotiated-sale-on-mar-30-2026-apr-10-2026/,2026/07/19,BACOLOD BRANCH
foreclosurephilippines,Pag-IBIG,,"Roxas City, Capiz",Capiz,1058500.0,365.0,,097-2019000132,,,https://www.google.com/maps/search/?api=1&query=Roxas+City%2C+Capiz%2C+Philippines,https://www.foreclosurephilippines.com/wp-content/uploads/2026/07/fil5920240830002-310x190.jpg,https://www.foreclosurephilippines.com/advert/pag-ibig-foreclosed-lot-only-lot-933-a-6-olano-subd-mongpong-roxas-city-capiz-5800-negotiated-sale-on-mar-30-2026-apr-10-2026/,2026/07/19,BACOLOD BRANCH
foreclosurephilippines,Unknown (foreclosurephilippines),,"Panay, Capiz",Capiz,1064000.0,304.0,1.0,,,,https://www.google.com/maps/search/?api=1&query=Panay%2C+Capiz%2C+Philippines,https://www.foreclosurephilippines.com/wp-content/uploads/2026/04/0865062_pic001-310x190.jpg,https://www.foreclosurephilippines.com/advert/bfs-foreclosed-lot-only-at-blk-16-lot-9-road-lot-2-fuentes-subd-baybay-panay-capiz-occupied/,2026/07/01,
foreclosurephilippines,Pag-IBIG,,"Roxas City, Capiz",Capiz,1123200.0,160.0,,097-2026000689,,,https://www.google.com/maps/search/?api=1&query=Roxas+City%2C+Capiz%2C+Philippines,https://www.foreclosurephilippines.com/wp-content/uploads/2026/07/fil5920260406008-310x190.jpg,https://www.foreclosurephilippines.com/advert/pag-ibig-ropa-858202503270046-lot-2-blk-4-costa-verde-subd-cagay-roxas-city-capiz-5800-2nd-public-auction-on-jul-27-2026-jul-31-2026/,2026/07/20,BACOLOD BRANCH
foreclosurephilippines,Pag-IBIG,,"Roxas City, Capiz",Capiz,1191903.0,491.0,,097-2025001558,,,https://www.google.com/maps/search/?api=1&query=Roxas+City%2C+Capiz%2C+Philippines,https://www.foreclosurephilippines.com/wp-content/uploads/2026/07/fil5920250630046-310x190.jpg,https://www.foreclosurephilippines.com/advert/pag-ibig-foreclosed-lot-only-lot-939-a-4-blk-psd-06-058801-olano-subd-mongpong-roxas-city-capiz-5800-negotiated-sale-on-mar-30-2026-apr-10-2026/,2026/07/19,BACOLOD BRANCH
foreclosurephilippines,Unknown (foreclosurephilippines),,"Pilar, Capiz",Capiz,1567000.0,14312.0,,,,,https://www.google.com/maps/search/?api=1&query=Pilar%2C+Capiz%2C+Philippines,https://www.foreclosurephilippines.com/wp-content/uploads/2022/06/bank-of-commerce-foreclosed-properties-2022-v1-310x190.jpg,https://www.foreclosurephilippines.com/advert/bank-of-commerce-foreclosed-property-at-lot-2203-lot-2205-sitio-sandaanon-brgy-casanayan-pilar-capiz-lot-area-14312-00-sqm-no-possession/,2026/07/17,
foreclosurephilippines,Pag-IBIG,,"Roxas City, Capiz",Capiz,1855920.0,421.8,,(T-56731) 097-2025000259,,,https://www.google.com/maps/search/?api=1&query=Roxas+City%2C+Capiz%2C+Philippines,https://www.foreclosurephilippines.com/wp-content/uploads/2026/07/fil5920260406010-310x190.jpg,https://www.foreclosurephilippines.com/advert/pag-ibig-foreclosed-lot-only-lot-15-blk-4-homesite-village-subdivision-lawa-an-roxas-city-capiz-5800-1st-public-auction-on-may-25-2026-may-29-2026/,2026/07/13,BACOLOD BRANCH
foreclosurephilippines,Unknown (foreclosurephilippines),,"Dumarao, Capiz",Capiz,1981000.0,48300.0,,,,,https://www.google.com/maps/search/?api=1&query=Dumarao%2C+Capiz%2C+Philippines,https://www.foreclosurephilippines.com/wp-content/uploads/2017/10/maybank-foreclosed-properties-for-sale-featured.jpg,https://www.foreclosurephilippines.com/advert/maybank-foreclosed-property-at-lot-289-bungsuan-dumarao-capiz-agricultural-lot-with-illegal-occupants-not-in-banks-possession-occupied/,2026/04/11,
foreclosurephilippines,Unknown (foreclosurephilippines),,"Roxas City, Capiz",Capiz,2380000.0,80.0,,,,,https://www.google.com/maps/search/?api=1&query=Roxas+City%2C+Capiz%2C+Philippines,https://www.foreclosurephilippines.com/wp-content/uploads/2017/10/maybank-foreclosed-properties-for-sale-featured.jpg,https://www.foreclosurephilippines.com/advert/philmay-foreclosed-property-at-lot-25-blk-34-jackson-street-westlake-3-tanque-roxas-city-capiz-residential-townhouse-unit-with-illegal-occupants-not-in-banks-possession-occupied/,2026/04/11,
foreclosurephilippines,Unknown (foreclosurephilippines),,"Pontevedra, Capiz",Capiz,2760000.0,2152.0,,,,,https://www.google.com/maps/search/?api=1&query=Pontevedra%2C+Capiz%2C+Philippines,https://www.foreclosurephilippines.com/wp-content/uploads/2017/10/maybank-foreclosed-properties-for-sale-featured.jpg,https://www.foreclosurephilippines.com/advert/philmay-foreclosed-property-at-barangay-jolongajog-pontevedra-capiz-two-parcels-of-adjacent-residential-lots-with-illegal/,2026/04/11,
foreclosurephilippines,BDO,AGRICULTURAL,"Pilar, Capiz",Capiz,3287700.0,10959.0,,,,,https://www.google.com/maps/search/?api=1&query=Pilar%2C+Capiz%2C+Philippines,https://www.foreclosurephilippines.com/wp-content/uploads/2026/05/v-a-1-1-1-1-310x190.jpg,https://www.foreclosurephilippines.com/advert/bank-foreclosed-agricultural-vacant-lot-lot-459-brgy-binaobaoan-pilar-capiz-interior-for-sale/,2026/07/16,
foreclosurephilippines,Unknown (foreclosurephilippines),,"Dumarao, Capiz",Capiz,4066000.0,185799.0,,,,,https://www.google.com/maps/search/?api=1&query=Dumarao%2C+Capiz%2C+Philippines,https://www.foreclosurephilippines.com/wp-content/uploads/2017/10/maybank-foreclosed-properties-for-sale-featured.jpg,https://www.foreclosurephilippines.com/advert/philmay-foreclosed-property-at-dumarao-capiz-province-agricultural-lot-landlocked-and-not-in-banks-possession-occupied/,2026/04/11,
foreclosurephilippines,Unknown (foreclosurephilippines),,"Tapaz, Capiz",Capiz,6774000.0,225784.0,,,,,https://www.google.com/maps/search/?api=1&query=Tapaz%2C+Capiz%2C+Philippines,https://www.foreclosurephilippines.com/wp-content/uploads/2022/06/bank-of-commerce-foreclosed-properties-2022-v1-310x190.jpg,https://www.foreclosurephilippines.com/advert/bank-of-commerce-foreclosed-property-agricultural-lot-in-lot-1-lot-2-brgy-katipunan-tapaz-capiz-updated-as-of-q2-2018/,2026/07/17,
foreclosurephilippines,Unknown (foreclosurephilippines),,"Pontevedra, Capiz",Capiz,8759000.0,5839.0,,,,,https://www.google.com/maps/search/?api=1&query=Pontevedra%2C+Capiz%2C+Philippines,https://www.foreclosurephilippines.com/wp-content/uploads/2022/06/bank-of-commerce-foreclosed-properties-2022-v1-310x190.jpg,https://www.foreclosurephilippines.com/advert/bank-of-commerce-foreclosed-property-residential-lot-with-improvement-in-l247-b-1-poblacion-pontevedra-capiz-updated-as-of-q2-2018/,2026/07/17,
foreclosurephilippines,BDO,AGRICULTURAL,"Pilar, Capiz",Capiz,27642900.0,92143.0,,,,,https://www.google.com/maps/search/?api=1&query=Pilar%2C+Capiz%2C+Philippines,https://www.foreclosurephilippines.com/wp-content/uploads/2026/05/capiz1-1-310x190.jpg,https://www.foreclosurephilippines.com/advert/bank-foreclosed-agricultural-vacant-lot-lot-384-brgy-binaobaoan-pilar-capiz-interior-for-sale/,2026/07/16,
foreclosurephilippines,BDO,AGRICULTURAL,"Pilar, Capiz",Capiz,37722900.0,125743.0,,,,,https://www.google.com/maps/search/?api=1&query=Pilar%2C+Capiz%2C+Philippines,https://www.foreclosurephilippines.com/wp-content/uploads/2026/05/v-a-1-7-310x190.jpg,https://www.foreclosurephilippines.com/advert/foreclosed-agricultural-vacant-lot-lot-382-brgy-binaobaoan-pilar-capiz-interior-first-come-first-served-negotiated-sale/,2026/07/16,
foreclosurephilippines,PDIC,Agricultural,"Banga, Aklan",Aklan,90170.0,663.0,,,,,https://www.google.com/maps/search/?api=1&query=Banga%2C+Aklan%2C+Philippines,https://www.foreclosurephilippines.com/wp-content/uploads/2026/02/54673.jpg,https://www.foreclosurephilippines.com/advert/pdic-acquired-asset-agricultural-vacant-lot-at-lot-no-8212-sitio-balit-2-sigcay-banga-aklan-for-negotiated-sale/,2026/03/29,
foreclosurephilippines,PDIC,Agricultural,"Banga, Aklan",Aklan,264730.0,1151.0,,,,,https://www.google.com/maps/search/?api=1&query=Banga%2C+Aklan%2C+Philippines,https://www.foreclosurephilippines.com/wp-content/uploads/2026/02/52453-310x190.jpg,https://www.foreclosurephilippines.com/advert/pdic-acquired-asset-agricultural-vacant-lot-at-lot-no-608-brgy-cupang-banga-aklan-for-negotiated-sale/,2026/03/29,
foreclosurephilippines,PDIC,Agricultural,"Libacao, Aklan",Aklan,387840.0,12928.0,,,,,https://www.google.com/maps/search/?api=1&query=Libacao%2C+Aklan%2C+Philippines,https://www.foreclosurephilippines.com/wp-content/uploads/2026/02/52368-310x190.jpg,https://www.foreclosurephilippines.com/advert/pdic-acquired-asset-agricultural-vacant-lot-at-lot-no-154-pt-sitio-gotusan-barangay-ortega-libacao-aklan-for-negotiated-sale/,2026/03/29,
foreclosurephilippines,PDIC,Residential/Agricultural,"Nabas, Aklan",Aklan,409920.0,3660.0,,,,,https://www.google.com/maps/search/?api=1&query=Nabas%2C+Aklan%2C+Philippines,https://www.foreclosurephilippines.com/wp-content/uploads/2026/03/55949-310x190.jpg,https://www.foreclosurephilippines.com/advert/pdic-foreclosed-residential-agricultural-with-improvement-lot-no-629-pt-brgy-alimbo-baybay-nabas-aklan-for-public-auction-occupied/,2026/03/29,
foreclosurephilippines,PDIC,Agricultural,"Malay, Aklan",Aklan,447500.0,2009.0,,,,,https://www.google.com/maps/search/?api=1&query=Malay%2C+Aklan%2C+Philippines,https://www.foreclosurephilippines.com/wp-content/uploads/2026/02/53093-310x190.jpg,https://www.foreclosurephilippines.com/advert/pdic-acquired-asset-agricultural-vacant-lot-at-lot-no-2813-cad-704-d-barangay-napaan-malay-aklan-for-negotiated-sale/,2026/03/29,
foreclosurephilippines,PDIC,Agricultural,"Numancia, Aklan",Aklan,848000.0,2120.0,,,,,https://www.google.com/maps/search/?api=1&query=Numancia%2C+Aklan%2C+Philippines,https://www.foreclosurephilippines.com/wp-content/uploads/2026/02/53450-310x190.jpg,https://www.foreclosurephilippines.com/advert/pdic-acquired-asset-agricultural-vacant-lot-at-lot-no-6435-barangay-albasan-numancia-aklan-for-negotiated-sale/,2026/03/29,
foreclosurephilippines,PDIC,Residential/Agricultural,"New Washington, Aklan",Aklan,944460.0,792.0,,,,,https://www.google.com/maps/search/?api=1&query=New+Washington%2C+Aklan%2C+Philippines,https://www.foreclosurephilippines.com/wp-content/uploads/2026/02/53087-310x190.jpg,https://www.foreclosurephilippines.com/advert/pdic-acquired-asset-residential-agricultural-with-improvement-at-lot-no-10792-pt-brgy-poblacion-new-washington-aklan-for-negotiated-sale-occupied/,2026/03/29,
foreclosurephilippines,PDIC,Residential/Agricultural,"Batan, Aklan",Aklan,1000160.0,6251.0,,,,,https://www.google.com/maps/search/?api=1&query=Batan%2C+Aklan%2C+Philippines,https://www.foreclosurephilippines.com/wp-content/uploads/2026/02/51956-310x190.jpg,https://www.foreclosurephilippines.com/advert/pdic-acquired-asset-residential-agricultural-vacant-lot-at-lot-no-4739-sitio-baybay-brgy-ipil-batan-aklan-for-negotiated-sale/,2026/03/29,
foreclosurephilippines,Unknown (foreclosurephilippines),,"Libacao, Aklan",Aklan,1380000.0,45974.0,,,,,https://www.google.com/maps/search/?api=1&query=Libacao%2C+Aklan%2C+Philippines,https://www.foreclosurephilippines.com/wp-content/uploads/2022/06/bank-of-commerce-foreclosed-properties-2022-v1-310x190.jpg,https://www.foreclosurephilippines.com/advert/bank-of-commerce-foreclosed-property-agricultural-lot-in-lot-611-brgy-magugma-libacao-aklan-updated-as-of-q2-2018/,2026/07/17,
foreclosurephilippines,PDIC,Residential/Agricultural,"Makato, Aklan",Aklan,1798000.0,2900.0,,,,,https://www.google.com/maps/search/?api=1&query=Makato%2C+Aklan%2C+Philippines,https://www.foreclosurephilippines.com/wp-content/uploads/2026/02/51953-310x190.jpg,https://www.foreclosurephilippines.com/advert/pdic-acquired-asset-residential-agricultural-with-improvement-at-lot-no-2356-brgy-cayangwan-makato-aklan-for-negotiated-sale-occupied/,2026/03/29,
foreclosurephilippines,Unknown (foreclosurephilippines),,"Kalibo, Aklan",Aklan,1804000.0,322.0,,,,,https://www.google.com/maps/search/?api=1&query=Kalibo%2C+Aklan%2C+Philippines,https://www.foreclosurephilippines.com/wp-content/uploads/2022/06/bank-of-commerce-foreclosed-properties-2022-v1-310x190.jpg,https://www.foreclosurephilippines.com/advert/bank-of-commerce-foreclosed-property-two-storey-residential-bldg-in-l2-c-19-b-vizcarra-subd-brgy-andagao-kalibo-aklan-updated-as-of-q2-2018/,2026/07/17,
foreclosurephilippines,PDIC,Residential/Agricultural,"Balete, Aklan",Aklan,2617120.0,23792.0,,,,,https://www.google.com/maps/search/?api=1&query=Balete%2C+Aklan%2C+Philippines,https://www.foreclosurephilippines.com/wp-content/uploads/2026/02/53091-310x190.jpg,https://www.foreclosurephilippines.com/advert/pdic-acquired-asset-residential-agricultural-with-improvement-at-lot-no-1723-pt-brgy-arcangel-balete-aklan-for-negotiated-sale/,2026/03/29,
foreclosurephilippines,PDIC,Agricultural,"Nabas, Aklan",Aklan,2720920.0,7533.0,,,,,https://www.google.com/maps/search/?api=1&query=Nabas%2C+Aklan%2C+Philippines,https://www.foreclosurephilippines.com/wp-content/uploads/2026/02/53443-310x190.jpg,https://www.foreclosurephilippines.com/advert/pdic-acquired-asset-agricultural-vacant-lot-at-lot-no-3398-cad-758-d-barangay-buenafortuna-nabas-aklan-for-negotiated-sale/,2026/03/29,
foreclosurephilippines,PDIC,Residential/Agricultural,"Balete, Aklan",Aklan,3710360.0,22833.0,,,,,https://www.google.com/maps/search/?api=1&query=Balete%2C+Aklan%2C+Philippines,https://www.foreclosurephilippines.com/wp-content/uploads/2026/02/52153-310x190.jpg,https://www.foreclosurephilippines.com/advert/pdic-acquired-asset-residential-agricultural-with-improvement-at-lot-no-1363-pt-barangay-cortes-balete-aklan-for-negotiated-sale-occupied/,2026/03/29,
foreclosurephilippines,PDIC,Agricultural,"Nabas, Aklan",Aklan,3795000.0,8625.0,,,,,https://www.google.com/maps/search/?api=1&query=Nabas%2C+Aklan%2C+Philippines,https://www.foreclosurephilippines.com/wp-content/uploads/2026/02/55101-310x190.jpg,https://www.foreclosurephilippines.com/advert/pdic-foreclosed-agricultural-vacant-lot-lot-no-4448-along-sitio-agpusong-brgy-nagustan-nabas-for-public-auction-on-february-26-2026/,2026/03/29,
foreclosurephilippines,Unknown (foreclosurephilippines),,"Kalibo, Aklan",Aklan,4048000.0,1012.0,,,,,https://www.google.com/maps/search/?api=1&query=Kalibo%2C+Aklan%2C+Philippines,https://www.foreclosurephilippines.com/wp-content/uploads/2022/06/bank-of-commerce-foreclosed-properties-2022-v1-310x190.jpg,https://www.foreclosurephilippines.com/advert/bank-of-commerce-foreclosed-property-residential-vacant-lot-in-l-f-2-d-3-vizcarra-subd-brgy-andagao-kalibo-aklan-updated-as-of-q2-2018/,2026/07/17,
foreclosurephilippines,Unknown (foreclosurephilippines),,"Malay, Aklan",Aklan,6284000.0,,27.2,,,,https://www.google.com/maps/search/?api=1&query=Malay%2C+Aklan%2C+Philippines,https://www.foreclosurephilippines.com/wp-content/uploads/2017/10/maybank-foreclosed-properties-for-sale-featured.jpg,https://www.foreclosurephilippines.com/advert/philmay-foreclosed-property-at-unit-4061-4th-floor-savoy-hotel-boracay-new-coast-drive-yapak-malay-aklan-condotel-unit-not-in-banks-possession-occupied/,2026/04/11,
foreclosurephilippines,Unknown (foreclosurephilippines),,"Malay, Aklan",Aklan,6318000.0,,26.0,,,,https://www.google.com/maps/search/?api=1&query=Malay%2C+Aklan%2C+Philippines,https://www.foreclosurephilippines.com/wp-content/uploads/2017/10/maybank-foreclosed-properties-for-sale-featured.jpg,https://www.foreclosurephilippines.com/advert/maybank-foreclosed-property-at-unit-2025-2nd-floor-savoy-hotel-boracay-newcoast-drive-boracay-newcoast-barangay-yapak-boracay-island-malay-aklan-condotel-unit-vacant/,2026/04/11,
foreclosurephilippines,Unknown (foreclosurephilippines),,"Malay, Aklan",Aklan,6353000.0,,27.5,,,,https://www.google.com/maps/search/?api=1&query=Malay%2C+Aklan%2C+Philippines,https://www.foreclosurephilippines.com/wp-content/uploads/2017/10/maybank-foreclosed-properties-for-sale-featured.jpg,https://www.foreclosurephilippines.com/advert/philmay-foreclosed-property-at-unit-6046-6th-floor-savoy-hotel-boracay-new-coast-drive-yapak-malay-aklan-residential-condominium-unit-not-in-banks-possession-occupied/,2026/04/11,
foreclosurephilippines,Unknown (foreclosurephilippines),,"Malay, Aklan",Aklan,6502000.0,,26.9,,,,https://www.google.com/maps/search/?api=1&query=Malay%2C+Aklan%2C+Philippines,https://www.foreclosurephilippines.com/wp-content/uploads/2017/10/maybank-foreclosed-properties-for-sale-featured.jpg,https://www.foreclosurephilippines.com/advert/maybank-foreclosed-property-at-unit-5088-5th-floor-savoy-hotel-boracay-newcoast-drive-boracay-newcoast-barangay-yapak-boracay-island-malay-aklan-residential-condominium-unit-with-illegal-o/,2026/04/11,
foreclosurephilippines,Unknown (foreclosurephilippines),,"Malay, Aklan",Aklan,6565000.0,,27.5,,,,https://www.google.com/maps/search/?api=1&query=Malay%2C+Aklan%2C+Philippines,https://www.foreclosurephilippines.com/wp-content/uploads/2017/10/maybank-foreclosed-properties-for-sale-featured.jpg,https://www.foreclosurephilippines.com/advert/philmay-foreclosed-property-at-unit-no-6009-6th-floor-savoy-hotel-boracay-new-coast-drive-barangay-yapak-boracay-island-malay-aklan-condotel-not-in-banks-possession-occupied/,2026/04/11,
foreclosurephilippines,Unknown (foreclosurephilippines),,"Malay, Aklan",Aklan,7273000.0,,25.9,,,,https://www.google.com/maps/search/?api=1&query=Malay%2C+Aklan%2C+Philippines,https://www.foreclosurephilippines.com/wp-content/uploads/2017/10/maybank-foreclosed-properties-for-sale-featured.jpg,https://www.foreclosurephilippines.com/advert/philmay-foreclosed-property-at-unit-3007-3rd-floor-belmont-hotel-boracay-cluster-2-barangay-yapak-malay-aklan-condotel-unit-with-1-bedroom-and-balcony-not-in-banks-possession-occupied/,2026/04/11,
foreclosurephilippines,Unknown (foreclosurephilippines),,"Libacao, Aklan",Aklan,10586000.0,11506.25,,,,,https://www.google.com/maps/search/?api=1&query=Libacao%2C+Aklan%2C+Philippines,https://www.foreclosurephilippines.com/wp-content/uploads/2022/06/bank-of-commerce-foreclosed-properties-2022-v1-310x190.jpg,https://www.foreclosurephilippines.com/advert/bank-of-commerce-foreclosed-property-residential-vacant-lot-in-lot-804-k-13-brgy-julita-libacao-aklan-updated-as-of-q2-2018/,2026/07/17,
foreclosurephilippines,Unknown (foreclosurephilippines),,"Malay, Aklan",Aklan,13042000.0,,52.0,,,,https://www.google.com/maps/search/?api=1&query=Malay%2C+Aklan%2C+Philippines,https://www.foreclosurephilippines.com/wp-content/uploads/2017/10/maybank-foreclosed-properties-for-sale-featured.jpg,https://www.foreclosurephilippines.com/advert/philmay-foreclosed-property-at-unit-no-5060-5th-floor-savoy-hotel-boracay-new-coast-drive-boracay-newcoast-barangay-yapak-boracay-island-malay-aklan-condotel-unit-not-in-banks-possession/,2026/04/11,
foreclosurephilippines,Unknown (foreclosurephilippines),,"New Washington, Aklan",Aklan,15948000.0,9380.49,,,,,https://www.google.com/maps/search/?api=1&query=New+Washington%2C+Aklan%2C+Philippines,https://www.foreclosurephilippines.com/wp-content/uploads/2022/06/bank-of-commerce-foreclosed-properties-2022-v1-310x190.jpg,https://www.foreclosurephilippines.com/advert/bank-of-commerce-foreclosed-property-residential-vacant-lot-in-lot-2-a-psd-06-000471-brgy-dumaguit-new-washington-aklan-updated-as-of-q2-2018/,2026/07/17,
foreclosurephilippines,BDO,RESIDENTIAL,"Kalibo, Aklan",Aklan,17308200.0,2172.0,445.0,,,,https://www.google.com/maps/search/?api=1&query=Kalibo%2C+Aklan%2C+Philippines,https://www.foreclosurephilippines.com/wp-content/uploads/2026/05/r-2024002246-310x190.jpg,https://www.foreclosurephilippines.com/advert/foreclosed-residential-house-lot-lots-6488-and-6489-jaime-cardinal-sin-avenue-brgy-mabilo-kalibo-aklan-pending-consolidation-first-come-first-served-negotiated-sale/,2026/07/16,
foreclosurephilippines,PDIC,Residential,"Libertad, Antique",Antique,332800.0,260.0,,,,,https://www.google.com/maps/search/?api=1&query=Libertad%2C+Antique%2C+Philippines,https://www.foreclosurephilippines.com/wp-content/uploads/2026/02/55572-310x190.jpg,https://www.foreclosurephilippines.com/advert/pdic-foreclosed-residential-with-improvement-lot-no-275-barangay-cubay-libertad-for-public-auction-on-february-26-2026/,2026/03/29,
foreclosurephilippines,PDIC,Agricultural,"Tibiao, Antique",Antique,537950.0,12994.0,,,,,https://www.google.com/maps/search/?api=1&query=Tibiao%2C+Antique%2C+Philippines,https://www.foreclosurephilippines.com/wp-content/uploads/2026/03/55645-310x190.jpg,https://www.foreclosurephilippines.com/advert/pdic-foreclosed-agricultural-vacant-lot-lot-no-10036-brgy-salazar-tibiao-antique-for-public-auction/,2026/03/29,
foreclosurephilippines,PDIC,Residential/Agricultural,"Libertad, Antique",Antique,661500.0,2205.0,,,,,https://www.google.com/maps/search/?api=1&query=Libertad%2C+Antique%2C+Philippines,https://www.foreclosurephilippines.com/wp-content/uploads/2026/02/52157-310x190.jpg,https://www.foreclosurephilippines.com/advert/pdic-acquired-asset-residential-agricultural-with-improvement-at-lot-no-1936-barangay-san-roque-libertad-antique-for-negotiated-sale-occupied/,2026/03/29,
foreclosurephilippines,PDIC,Residential,"Barbaza, Antique",Antique,700870.0,1007.0,,,,,https://www.google.com/maps/search/?api=1&query=Barbaza%2C+Antique%2C+Philippines,https://www.foreclosurephilippines.com/wp-content/uploads/2026/03/55863-310x190.jpg,https://www.foreclosurephilippines.com/advert/pdic-foreclosed-residential-vacant-lot-lot-no-2231-cad-818-d-c-24-brgy-capoyu-an-barbaza-antique-for-public-auction/,2026/03/29,
foreclosurephilippines,PDIC,Residential,"Barbaza, Antique",Antique,785090.0,1128.0,,,,,https://www.google.com/maps/search/?api=1&query=Barbaza%2C+Antique%2C+Philippines,https://www.foreclosurephilippines.com/wp-content/uploads/2026/03/55866-310x190.jpg,https://www.foreclosurephilippines.com/advert/pdic-foreclosed-residential-vacant-lot-lot-no-2232-cad-818-d-c-24-brgy-capoyu-an-barbaza-antique-for-public-auction/,2026/03/29,
foreclosurephilippines,PDIC,Residential,"Barbaza, Antique",Antique,982060.0,1411.0,,,,,https://www.google.com/maps/search/?api=1&query=Barbaza%2C+Antique%2C+Philippines,https://www.foreclosurephilippines.com/wp-content/uploads/2026/03/55871-310x190.jpg,https://www.foreclosurephilippines.com/advert/pdic-foreclosed-residential-with-improvement-lot-no-2233-cad-818-d-c-24-brgy-capoyu-an-barbaza-antique-for-public-auction-occupied/,2026/03/29,
foreclosurephilippines,Unknown (foreclosurephilippines),Agricultural,"Patnongon, Antique",Antique,1075000.0,10747.0,,,,,https://www.google.com/maps/search/?api=1&query=Patnongon%2C+Antique%2C+Philippines,https://www.foreclosurephilippines.com/wp-content/uploads/2025/10/bsp-foreclosed-properties-2025-310x190.jpg,https://www.foreclosurephilippines.com/advert/bsp-foreclosed-agricultural-rice-land-at-lot-8184-brgy-salaguiawan-patnongon-antique-for-negotiated-sale-lot-area-10747-00-sqm/,2026/03/16,
foreclosurephilippines,Unknown (foreclosurephilippines),Residential,"Patnongon, Antique",Antique,1322000.0,440.0,,,,,https://www.google.com/maps/search/?api=1&query=Patnongon%2C+Antique%2C+Philippines,https://www.foreclosurephilippines.com/wp-content/uploads/2025/10/bsp-foreclosed-properties-2025-310x190.jpg,https://www.foreclosurephilippines.com/advert/bsp-foreclosed-residential-house-lot-at-lot-180-brgy-poblacion-patnongon-antique-for-negotiated-sale-lot-area-440-00-sqm/,2026/03/16,
foreclosurephilippines,Unknown (foreclosurephilippines),Residential,"Patnongon, Antique",Antique,1485000.0,409.0,,,,,https://www.google.com/maps/search/?api=1&query=Patnongon%2C+Antique%2C+Philippines,https://www.foreclosurephilippines.com/wp-content/uploads/2025/10/bsp-foreclosed-properties-2025-310x190.jpg,https://www.foreclosurephilippines.com/advert/bsp-foreclosed-residential-house-lot-at-lot-218-brgy-poblacion-patnongon-antique-for-negotiated-sale-lot-area-409-00-sqm/,2026/03/16,
foreclosurephilippines,Unknown (foreclosurephilippines),Residential,"San Remigio, Antique",Antique,1708000.0,1220.33,,,,,https://www.google.com/maps/search/?api=1&query=San+Remigio%2C+Antique%2C+Philippines,https://www.foreclosurephilippines.com/wp-content/uploads/2025/10/bsp-foreclosed-properties-2025-310x190.jpg,https://www.foreclosurephilippines.com/advert/bsp-foreclosed-residential-vacant-lot-at-lot-25-cabrillos-stpoblacion-san-remigio-antique-for-negotiated-sale-lot-area-1220-33-sqm/,2026/03/16,
foreclosurephilippines,Unknown (foreclosurephilippines),Agricultural,"Patnongon, Antique",Antique,2778000.0,27780.0,,,,,https://www.google.com/maps/search/?api=1&query=Patnongon%2C+Antique%2C+Philippines,https://www.foreclosurephilippines.com/wp-content/uploads/2025/10/bsp-foreclosed-properties-2025-310x190.jpg,https://www.foreclosurephilippines.com/advert/bsp-foreclosed-agricultural-rice-land-at-lot-8197-brgy-salaguiawan-patnongon-antique-for-negotiated-sale-lot-area-27780-00-sqm/,2026/03/16,
foreclosurephilippines,Unknown (foreclosurephilippines),Residential,"Belison, Antique",Antique,3368000.0,436.0,30.0,,,,https://www.google.com/maps/search/?api=1&query=Belison%2C+Antique%2C+Philippines,https://www.foreclosurephilippines.com/wp-content/uploads/2025/10/bsp-foreclosed-properties-2025-310x190.jpg,https://www.foreclosurephilippines.com/advert/bsp-foreclosed-residential-house-floor-area-30-00-sqm-4/,2026/03/16,
foreclosurephilippines,Unknown (foreclosurephilippines),,"Hamtic, Antique",Antique,4911000.0,76940.0,,,,,https://www.google.com/maps/search/?api=1&query=Hamtic%2C+Antique%2C+Philippines,https://www.foreclosurephilippines.com/wp-content/uploads/2026/02/SILAVA-ZOSIMOLUISA_T-23213-1-310x190.jpg,https://www.foreclosurephilippines.com/advert/philippine-veterans-bank-asset-lot-8490-barangay-buhang-hamtic-antique/,2026/02/16,
foreclosurephilippines,Unknown (foreclosurephilippines),,"Sibalom, Antique",Antique,7753000.0,235096.0,,,,,https://www.google.com/maps/search/?api=1&query=Sibalom%2C+Antique%2C+Philippines,https://www.foreclosurephilippines.com/wp-content/uploads/2026/02/VILLAGRACIA-MANUEL_N-661-1-310x190.jpg,https://www.foreclosurephilippines.com/advert/philippine-veterans-bank-asset-h-114453cad-lot-no-8829-barangay-inabasansibalom-antique/,2026/02/16,
foreclosurephilippines,Unknown (foreclosurephilippines),Agricultural,"Patnongon, Antique",Antique,7761500.0,18707.0,,,,,https://www.google.com/maps/search/?api=1&query=Patnongon%2C+Antique%2C+Philippines,https://www.foreclosurephilippines.com/wp-content/uploads/2025/10/bsp-foreclosed-properties-2025-310x190.jpg,https://www.foreclosurephilippines.com/advert/bsp-foreclosed-agricultural-rice-land-at-lot-68cuyapiao-patnongon-antique-for-negotiated-sale/,2026/03/16,
foreclosurephilippines,Unknown (foreclosurephilippines),,"Sibalom, Antique",Antique,14800000.0,154759.0,,,,,https://www.google.com/maps/search/?api=1&query=Sibalom%2C+Antique%2C+Philippines,https://www.foreclosurephilippines.com/wp-content/uploads/2026/02/ALVIOR-BONIFACIO_T-23552-310x190.jpg,https://www.foreclosurephilippines.com/advert/philippine-veterans-bank-asset-lot-8288-barangay-cabladansibalom-antique/,2026/02/16,
foreclosurephilippines,PDIC,Residential,"Nueva Valencia, Guimaras",Guimaras,717260.0,586.0,,,,,https://www.google.com/maps/search/?api=1&query=Nueva+Valencia%2C+Guimaras%2C+Philippines,,https://www.foreclosurephilippines.com/advert/pdic-foreclosed-residential-with-improvement-lot-no-5151-f-psd-063033-026055-brgy-poblacion-nueva-valencia-guimaras-for-public-auction-occupied/,2026/03/29,
foreclosurephilippines,PDIC,Agricultural,"Nueva Valencia, Guimaras",Guimaras,724190.0,6466.0,,,,,https://www.google.com/maps/search/?api=1&query=Nueva+Valencia%2C+Guimaras%2C+Philippines,https://www.foreclosurephilippines.com/wp-content/uploads/2026/02/55314-310x190.jpg,https://www.foreclosurephilippines.com/advert/pdic-foreclosed-agricultural-vacant-lot-lot-4052-psd-775-barangay-canhawan-nueva-valencia-for-public-auction-on-february-26-2026/,2026/03/29,
foreclosurephilippines,PDIC,Residential/Agricultural,"Buenavista, Guimaras",Guimaras,990000.0,15000.0,,,,,https://www.google.com/maps/search/?api=1&query=Buenavista%2C+Guimaras%2C+Philippines,https://www.foreclosurephilippines.com/wp-content/uploads/2026/02/55316-310x190.jpg,https://www.foreclosurephilippines.com/advert/pdic-foreclosed-residential-agricultural-vacant-lot-lot-2-b-psd-06-031244-sitio-sinapsapan-barangay-east-valencia-buenavista-for-public-auction-on-february-26-2026/,2026/03/29,
foreclosurephilippines,PDIC,Residential,"Nueva Valencia, Guimaras",Guimaras,1059190.0,939.0,,,,,https://www.google.com/maps/search/?api=1&query=Nueva+Valencia%2C+Guimaras%2C+Philippines,https://www.foreclosurephilippines.com/wp-content/uploads/2026/03/56206-310x190.jpg,https://www.foreclosurephilippines.com/advert/pdic-foreclosed-residential-with-improvement-lot-400-gss-063033-000024-brgy-poblacion-nueva-valencia-guimaras-for-public-auction-occupied/,2026/03/29,
foreclosurephilippines,PDIC,Residential,"Nueva Valencia, Guimaras",Guimaras,1344000.0,1245.0,,,,,https://www.google.com/maps/search/?api=1&query=Nueva+Valencia%2C+Guimaras%2C+Philippines,https://www.foreclosurephilippines.com/wp-content/uploads/2026/02/55425-310x190.jpg,https://www.foreclosurephilippines.com/advert/pdic-foreclosed-residential-vacant-lot-lot-532-h-7-psd-06-035974-brgy-concordia-nueva-valencia-for-public-auction-on-february-26-2026/,2026/03/29,
foreclosurephilippines,PDIC,Residential/Agricultural,"Nueva Valencia, Guimaras",Guimaras,2216520.0,13100.0,,,,,https://www.google.com/maps/search/?api=1&query=Nueva+Valencia%2C+Guimaras%2C+Philippines,https://www.foreclosurephilippines.com/wp-content/uploads/2026/03/55913-310x190.jpg,https://www.foreclosurephilippines.com/advert/pdic-foreclosed-residential-agricultural-with-improvement-lot-2142-pls-775-brgy-napandong-nueva-valencia-guimaras-for-public-auction-occupied/,2026/03/29,
foreclosurephilippines,PDIC,Agricultural,"San Lorenzo, Guimaras",Guimaras,2753090.0,48131.0,,,,,https://www.google.com/maps/search/?api=1&query=San+Lorenzo%2C+Guimaras%2C+Philippines,https://www.foreclosurephilippines.com/wp-content/uploads/2026/03/56217-310x190.jpg,https://www.foreclosurephilippines.com/advert/pdic-foreclosed-agricultural-vacant-lot-lot-4700-bpsd-06-043391-barangay-sapal-san-lorenzo-guimaras-for-public-auction/,2026/03/29,
foreclosurephilippines,PDIC,Agricultural,"Buenavista, Guimaras",Guimaras,3750000.0,50000.0,,,,,https://www.google.com/maps/search/?api=1&query=Buenavista%2C+Guimaras%2C+Philippines,https://www.foreclosurephilippines.com/wp-content/uploads/2026/02/55427-310x190.jpg,https://www.foreclosurephilippines.com/advert/pdic-foreclosed-agricultural-vacant-lot-lot-533-b-psd-06-039334-brgy-salvacion-buenavista-for-public-auction-on-february-26-2026/,2026/03/29,
foreclosurephilippines,PDIC,Agricultural,"Jordan, Guimaras",Guimaras,4116440.0,30033.0,,,,,https://www.google.com/maps/search/?api=1&query=Jordan%2C+Guimaras%2C+Philippines,https://www.foreclosurephilippines.com/wp-content/uploads/2026/02/55672-310x190.jpg,https://www.foreclosurephilippines.com/advert/pdic-foreclosed-agricultural-with-improvement-lot-no-453-a-psd-060-401455-ar-brgy-poblacion-jordan-for-public-auction-on-february-26-2026/,2026/03/29,
foreclosurephilippines,PDIC,Residential,"Buenavista, Guimaras",Guimaras,4245170.0,2998.0,,,,,https://www.google.com/maps/search/?api=1&query=Buenavista%2C+Guimaras%2C+Philippines,https://www.foreclosurephilippines.com/wp-content/uploads/2026/02/55676-310x190.jpg,https://www.foreclosurephilippines.com/advert/pdic-foreclosed-residential-vacant-lot-lot-793-a-brgy-san-isidro-buenavista-for-public-auction-on-february-26-2026/,2026/03/29,
foreclosurephilippines,PDIC,Residential/Agricultural,"Nueva Valencia, Guimaras",Guimaras,4702370.0,44530.0,,,,,https://www.google.com/maps/search/?api=1&query=Nueva+Valencia%2C+Guimaras%2C+Philippines,https://www.foreclosurephilippines.com/wp-content/uploads/2026/03/55910-310x190.jpg,https://www.foreclosurephilippines.com/advert/pdic-foreclosed-residential-agricultural-with-improvement-lot-4666-pls-775-brgy-san-antonio-nueva-valencia-guimaras-for-public-auction/,2026/03/29,
